1,0,3.95253e-323,2.10715e-317,89.9999
2,0,3.95253e-323,2.10715e-317,89.9999
3,0,3.95253e-323,2.10715e-317,89.9999
4,0,3.95253e-323,2.10715e-317,89.9999
5,0,3.95253e-323,2.10715e-317,89.9999
6,0,3.95253e-323,2.10715e-317,89.9999
7,0,3.95253e-323,2.10715e-317,89.9999
8,0,3.95253e-323,2.10715e-317,89.9999
9,0,3.95253e-323,2.10715e-317,89.9999
10,0,3.95253e-323,2.10715e-317,89.9999
11,0,3.95253e-323,2.10715e-317,89.9999
12,0,3.95253e-323,2.10715e-317,89.9999
13,0,3.95253e-323,2.10715e-317,89.9999
14,0,3.95253e-323,2.10715e-317,89.9999
15,0,3.95253e-323,2.10715e-317,89.9999
16,0,3.95253e-323,2.10715e-317,89.9999
17,0,3.95253e-323,2.10715e-317,89.9999
18,0,3.95253e-323,2.10715e-317,89.9999
19,0,3.95253e-323,2.10715e-317,89.9999
20,0,3.95253e-323,2.10715e-317,89.9999
21,0,3.95253e-323,2.10715e-317,89.9999
22,0,3.95253e-323,2.10715e-317,89.9999
23,0,3.95253e-323,2.10715e-317,89.9999
24,0,3.95253e-323,2.10715e-317,89.9999
25,0,3.95253e-323,2.10715e-317,89.9999
26,0,3.95253e-323,2.10715e-317,89.9999
27,0,3.95253e-323,2.10715e-317,89.9999
28,0,3.95253e-323,2.10715e-317,89.9999
29,0,3.95253e-323,2.10715e-317,89.9999
30,0,3.95253e-323,2.10715e-317,89.9999
31,0,3.95253e-323,2.10715e-317,89.9999
32,0,3.95253e-323,2.10715e-317,89.9999
33,0,3.95253e-323,2.10715e-317,89.9999
34,0,3.95253e-323,2.10715e-317,89.9999
35,0,3.95253e-323,2.10715e-317,89.9999
36,0,3.95253e-323,2.10715e-317,89.9999
37,0,3.95253e-323,2.10715e-317,89.9999
38,0,3.95253e-323,2.10715e-317,89.9999
39,0,3.95253e-323,2.10715e-317,89.9999
40,0,3.95253e-323,2.10715e-317,89.9999
41,0,3.95253e-323,2.10715e-317,89.9999
42,0,3.95253e-323,2.10715e-317,89.9999
43,0,3.95253e-323,2.10715e-317,89.9999
44,0,3.95253e-323,2.10715e-317,89.9999
45,0,3.95253e-323,2.10715e-317,89.9999
46,0,3.95253e-323,2.10715e-317,89.9999
47,0,3.95253e-323,2.10715e-317,89.9999
48,0,3.95253e-323,2.10715e-317,89.9999
49,0,3.95253e-323,2.10715e-317,89.9999
50,0,3.95253e-323,2.10715e-317,89.9999
51,0,3.95253e-323,2.10715e-317,89.9999
52,0,3.95253e-323,2.10715e-317,89.9999
53,0,3.95253e-323,2.10715e-317,89.9999
54,0,3.95253e-323,2.10715e-317,89.9999
55,0,3.95253e-323,2.10715e-317,89.9999
56,0,3.95253e-323,2.10715e-317,89.9999
57,0,3.95253e-323,2.10715e-317,89.9999
58,0,3.95253e-323,2.10715e-317,89.9999
59,0,3.95253e-323,2.10715e-317,89.9999
60,0,3.95253e-323,2.10715e-317,89.9999
61,0,3.95253e-323,2.10715e-317,89.9999
62,0,3.95253e-323,2.10715e-317,89.9999
63,0,3.95253e-323,2.10715e-317,89.9999
64,0,3.95253e-323,2.10715e-317,89.9999
65,0,3.95253e-323,2.10715e-317,89.9999
66,0,3.95253e-323,2.10715e-317,89.9999
67,0,3.95253e-323,2.10715e-317,89.9999
68,0,3.95253e-323,2.10715e-317,89.9999
69,0,3.95253e-323,2.10715e-317,89.9999
70,0,3.95253e-323,2.10715e-317,89.9999
71,0,3.95253e-323,2.10715e-317,89.9999
72,0,3.95253e-323,2.10715e-317,89.9999
73,0,3.95253e-323,2.10715e-317,89.9999
74,0,3.95253e-323,2.10715e-317,89.9999
75,0,3.95253e-323,2.10715e-317,89.9999
76,0,3.95253e-323,2.10715e-317,89.9999
77,0,3.95253e-323,2.10715e-317,89.9999
78,0,3.95253e-323,2.10715e-317,89.9999
79,0,3.95253e-323,2.10715e-317,89.9999
80,0,3.95253e-323,2.10715e-317,89.9999
81,0,3.95253e-323,2.10715e-317,89.9999
82,0,3.95253e-323,2.10715e-317,89.9999
83,0,3.95253e-323,2.10715e-317,89.9999
84,0,3.95253e-323,2.10715e-317,89.9999
85,0,3.95253e-323,2.10715e-317,89.9999
86,0,3.95253e-323,2.10715e-317,89.9999
87,0,3.95253e-323,2.10715e-317,89.9999
88,0,3.95253e-323,2.10715e-317,89.9999
89,0,3.95253e-323,2.10715e-317,89.9999
90,0,3.95253e-323,2.10715e-317,89.9999
91,0,3.95253e-323,2.10715e-317,89.9999
92,0,3.95253e-323,2.10715e-317,89.9999
93,0,3.95253e-323,2.10715e-317,89.9999
94,0,3.95253e-323,2.10715e-317,89.9999
95,0,3.95253e-323,2.10715e-317,89.9999
96,0,3.95253e-323,2.10715e-317,89.9999
97,0,3.95253e-323,2.10715e-317,89.9999
98,0,3.95253e-323,2.10715e-317,89.9999
99,0,3.95253e-323,2.10715e-317,89.9999
100,0,3.95253e-323,2.10715e-317,89.9999
101,0,3.95253e-323,2.10715e-317,89.9999
102,0,3.95253e-323,2.10715e-317,89.9999
103,0,3.95253e-323,2.10715e-317,89.9999
104,0,3.95253e-323,2.10715e-317,89.9999
105,0,3.95253e-323,2.10715e-317,89.9999
106,0,3.95253e-323,2.10715e-317,89.9999
107,0,3.95253e-323,2.10715e-317,89.9999
108,0,3.95253e-323,2.10715e-317,89.9999
109,0,3.95253e-323,2.10715e-317,89.9999
110,0,3.95253e-323,2.10715e-317,89.9999
111,0,3.95253e-323,2.10715e-317,89.9999
112,0,3.95253e-323,2.10715e-317,89.9999
113,0,3.95253e-323,2.10715e-317,89.9999
114,0,3.95253e-323,2.10715e-317,89.9999
115,0,3.95253e-323,2.10715e-317,89.9999
116,0,3.95253e-323,2.10715e-317,89.9999
117,0,3.95253e-323,2.10715e-317,89.9999
118,0,3.95253e-323,2.10715e-317,89.9999
119,0,3.95253e-323,2.10715e-317,89.9999
120,0,3.95253e-323,2.10715e-317,89.9999
121,0,3.95253e-323,2.10715e-317,89.9999
122,0,3.95253e-323,2.10715e-317,89.9999
123,0,3.95253e-323,2.10715e-317,89.9999
124,0,3.95253e-323,2.10715e-317,89.9999
125,0,3.95253e-323,2.10715e-317,89.9999
126,0,3.95253e-323,2.10715e-317,89.9999
127,0,3.95253e-323,2.10715e-317,89.9999
128,0,3.95253e-323,2.10715e-317,89.9999
129,0,3.95253e-323,2.10715e-317,89.9999
130,0,3.95253e-323,2.10715e-317,89.9999
131,0,3.95253e-323,2.10715e-317,89.9999
132,0,3.95253e-323,2.10715e-317,89.9999
133,0,3.95253e-323,2.10715e-317,89.9999
134,0,3.95253e-323,2.10715e-317,89.9999
135,0,3.95253e-323,2.10715e-317,89.9999
136,0,3.95253e-323,2.10715e-317,89.9999
137,0,3.95253e-323,2.10715e-317,89.9999
138,0,3.95253e-323,2.10715e-317,89.9999
139,0,3.95253e-323,2.10715e-317,89.9999
140,0,3.95253e-323,2.10715e-317,89.9999
141,0,3.95253e-323,2.10715e-317,89.9999
142,0,3.95253e-323,2.10715e-317,89.9999
143,0,3.95253e-323,2.10715e-317,89.9999
144,0,3.95253e-323,2.10715e-317,89.9999
145,0,3.95253e-323,2.10715e-317,89.9999
146,0,3.95253e-323,2.10715e-317,89.9999
147,0,3.95253e-323,2.10715e-317,89.9999
148,0,3.95253e-323,2.10715e-317,89.9999
149,0,3.95253e-323,2.10715e-317,89.9999
150,0,3.95253e-323,2.10715e-317,89.9999
151,0,3.95253e-323,2.10715e-317,89.9999
152,0,3.95253e-323,2.10715e-317,89.9999
153,0,3.95253e-323,2.10715e-317,89.9999
154,0,3.95253e-323,2.10715e-317,89.9999
155,0,3.95253e-323,2.10715e-317,89.9999
156,0,3.95253e-323,2.10715e-317,89.9999
157,0,3.95253e-323,2.10715e-317,89.9999
158,0,3.95253e-323,2.10715e-317,89.9999
159,0,3.95253e-323,2.10715e-317,89.9999
160,0,3.95253e-323,2.10715e-317,89.9999
161,0,3.95253e-323,2.10715e-317,89.9999
162,0,3.95253e-323,2.10715e-317,89.9999
163,0,3.95253e-323,2.10715e-317,89.9999
164,0,3.95253e-323,2.10715e-317,89.9999
165,0,3.95253e-323,2.10715e-317,89.9999
166,0,3.95253e-323,2.10715e-317,89.9999
167,0,3.95253e-323,2.10715e-317,89.9999
168,0,3.95253e-323,2.10715e-317,89.9999
169,0,3.95253e-323,2.10715e-317,89.9999
170,0,3.95253e-323,2.10715e-317,89.9999
171,0,3.95253e-323,2.10715e-317,89.9999
172,0,3.95253e-323,2.10715e-317,89.9999
173,0,3.95253e-323,2.10715e-317,89.9999
174,0,3.95253e-323,2.10715e-317,89.9999
175,0,3.95253e-323,2.10715e-317,89.9999
176,0,3.95253e-323,2.10715e-317,89.9999
177,0,3.95253e-323,2.10715e-317,89.9999
178,0,3.95253e-323,2.10715e-317,89.9999
179,0,3.95253e-323,2.10715e-317,89.9999
180,0,3.95253e-323,2.10715e-317,89.9999
181,0,3.95253e-323,2.10715e-317,89.9999
182,0,3.95253e-323,2.10715e-317,89.9999
183,0,3.95253e-323,2.10715e-317,89.9999
184,0,3.95253e-323,2.10715e-317,89.9999
185,0,3.95253e-323,2.10715e-317,89.9999
186,0,3.95253e-323,2.10715e-317,89.9999
187,0,3.95253e-323,2.10715e-317,89.9999
188,0,3.95253e-323,2.10715e-317,89.9999
189,0,3.95253e-323,2.10715e-317,89.9999
190,0,3.95253e-323,2.10715e-317,89.9999
191,0,3.95253e-323,2.10715e-317,89.9999
192,0,3.95253e-323,2.10715e-317,89.9999
193,0,3.95253e-323,2.10715e-317,89.9999
194,0,3.95253e-323,2.10715e-317,89.9999
195,0,3.95253e-323,2.10715e-317,89.9999
196,0,3.95253e-323,2.10715e-317,89.9999
197,0,3.95253e-323,2.10715e-317,89.9999
198,0,3.95253e-323,2.10715e-317,89.9999
199,0,3.95253e-323,2.10715e-317,89.9999
200,0,3.95253e-323,2.10715e-317,89.9999
201,0,3.95253e-323,2.10715e-317,89.9999
202,0,3.95253e-323,2.10715e-317,89.9999
203,0,3.95253e-323,2.10715e-317,89.9999
204,0,3.95253e-323,2.10715e-317,89.9999
205,0,3.95253e-323,2.10715e-317,89.9999
206,0,3.95253e-323,2.10715e-317,89.9999
207,0,3.95253e-323,2.10715e-317,89.9999
208,0,3.95253e-323,2.10715e-317,89.9999
209,0,3.95253e-323,2.10715e-317,89.9999
210,0,3.95253e-323,2.10715e-317,89.9999
211,0,3.95253e-323,2.10715e-317,89.9999
212,0,3.95253e-323,2.10715e-317,89.9999
213,0,3.95253e-323,2.10715e-317,89.9999
214,0,3.95253e-323,2.10715e-317,89.9999
215,0,3.95253e-323,2.10715e-317,89.9999
216,0,3.95253e-323,2.10715e-317,89.9999
217,0,3.95253e-323,2.10715e-317,89.9999
218,0,3.95253e-323,2.10715e-317,89.9999
219,0,3.95253e-323,2.10715e-317,89.9999
220,0,3.95253e-323,2.10715e-317,89.9999
221,0,3.95253e-323,2.10715e-317,89.9999
222,0,3.95253e-323,2.10715e-317,89.9999
223,0,3.95253e-323,2.10715e-317,89.9999
224,0,3.95253e-323,2.10715e-317,89.9999
225,0,3.95253e-323,2.10715e-317,89.9999
226,0,3.95253e-323,2.10715e-317,89.9999
227,0,3.95253e-323,2.10715e-317,89.9999
228,0,3.95253e-323,2.10715e-317,89.9999
229,0,3.95253e-323,2.10715e-317,89.9999
230,0,3.95253e-323,2.10715e-317,89.9999
231,0,3.95253e-323,2.10715e-317,89.9999
232,0,3.95253e-323,2.10715e-317,89.9999
233,0,3.95253e-323,2.10715e-317,89.9999
234,0,3.95253e-323,2.10715e-317,89.9999
235,0,3.95253e-323,2.10715e-317,89.9999
236,0,3.95253e-323,2.10715e-317,89.9999
237,0,3.95253e-323,2.10715e-317,89.9999
238,0,3.95253e-323,2.10715e-317,89.9999
239,0,3.95253e-323,2.10715e-317,89.9999
240,0,3.95253e-323,2.10715e-317,89.9999
241,0,3.95253e-323,2.10715e-317,89.9999
242,0,3.95253e-323,2.10715e-317,89.9999
243,0,3.95253e-323,2.10715e-317,89.9999
244,0,3.95253e-323,2.10715e-317,89.9999
245,0,3.95253e-323,2.10715e-317,89.9999
246,0,3.95253e-323,2.10715e-317,89.9999
247,0,3.95253e-323,2.10715e-317,89.9999
248,0,3.95253e-323,2.10715e-317,89.9999
249,0,3.95253e-323,2.10715e-317,89.9999
250,0,3.95253e-323,2.10715e-317,89.9999
251,0,3.95253e-323,2.10715e-317,89.9999
252,0,3.95253e-323,2.10715e-317,89.9999
253,0,3.95253e-323,2.10715e-317,89.9999
254,0,3.95253e-323,2.10715e-317,89.9999
255,0,3.95253e-323,2.10715e-317,89.9999
256,0,3.95253e-323,2.10715e-317,89.9999
257,0,3.95253e-323,2.10715e-317,89.9999
258,0,3.95253e-323,2.10715e-317,89.9999
259,0,3.95253e-323,2.10715e-317,89.9999
260,0,3.95253e-323,2.10715e-317,89.9999
261,0,3.95253e-323,2.10715e-317,89.9999
262,0,3.95253e-323,2.10715e-317,89.9999
263,0,3.95253e-323,2.10715e-317,89.9999
264,0,3.95253e-323,2.10715e-317,89.9999
265,0,3.95253e-323,2.10715e-317,89.9999
266,0,3.95253e-323,2.10715e-317,89.9999
267,0,3.95253e-323,2.10715e-317,89.9999
268,0,3.95253e-323,2.10715e-317,89.9999
269,0,3.95253e-323,2.10715e-317,89.9999
270,0,3.95253e-323,2.10715e-317,89.9999
271,0,3.95253e-323,2.10715e-317,89.9999
272,0,3.95253e-323,2.10715e-317,89.9999
273,0,3.95253e-323,2.10715e-317,89.9999
274,0,3.95253e-323,2.10715e-317,89.9999
275,0,3.95253e-323,2.10715e-317,89.9999
276,0,3.95253e-323,2.10715e-317,89.9999
277,0,3.95253e-323,2.10715e-317,89.9999
278,0,3.95253e-323,2.10715e-317,89.9999
279,0,3.95253e-323,2.10715e-317,89.9999
280,0,3.95253e-323,2.10715e-317,89.9999
281,0,3.95253e-323,2.10715e-317,89.9999
282,0,3.95253e-323,2.10715e-317,89.9999
283,0,3.95253e-323,2.10715e-317,89.9999
284,0,3.95253e-323,2.10715e-317,89.9999
285,0,3.95253e-323,2.10715e-317,89.9999
286,0,3.95253e-323,2.10715e-317,89.9999
287,0,3.95253e-323,2.10715e-317,89.9999
288,0,3.95253e-323,2.10715e-317,89.9999
289,0,3.95253e-323,2.10715e-317,89.9999
290,0,3.95253e-323,2.10715e-317,89.9999
291,0,3.95253e-323,2.10715e-317,89.9999
292,0,3.95253e-323,2.10715e-317,89.9999
293,0,3.95253e-323,2.10715e-317,89.9999
294,0,3.95253e-323,2.10715e-317,89.9999
295,0,3.95253e-323,2.10715e-317,89.9999
296,0,3.95253e-323,2.10715e-317,89.9999
297,0,3.95253e-323,2.10715e-317,89.9999
298,0,3.95253e-323,2.10715e-317,89.9999
299,0,3.95253e-323,2.10715e-317,89.9999
300,0,3.95253e-323,2.10715e-317,89.9999
301,0,3.95253e-323,2.10715e-317,89.9999
302,0,3.95253e-323,2.10715e-317,89.9999
303,0,3.95253e-323,2.10715e-317,89.9999
304,0,3.95253e-323,2.10715e-317,89.9999
305,0,3.95253e-323,2.10715e-317,89.9999
306,0,3.95253e-323,2.10715e-317,89.9999
307,0,3.95253e-323,2.10715e-317,89.9999
308,0,3.95253e-323,2.10715e-317,89.9999
309,0,3.95253e-323,2.10715e-317,89.9999
310,0,3.95253e-323,2.10715e-317,89.9999
311,0,3.95253e-323,2.10715e-317,89.9999
312,0,3.95253e-323,2.10715e-317,89.9999
313,0,3.95253e-323,2.10715e-317,89.9999
314,0,3.95253e-323,2.10715e-317,89.9999
315,0,3.95253e-323,2.10715e-317,89.9999
316,0,3.95253e-323,2.10715e-317,89.9999
317,0,3.95253e-323,2.10715e-317,89.9999
318,0,3.95253e-323,2.10715e-317,89.9999
319,0,3.95253e-323,2.10715e-317,89.9999
320,0,3.95253e-323,2.10715e-317,89.9999
321,0,3.95253e-323,2.10715e-317,89.9999
322,0,3.95253e-323,2.10715e-317,89.9999
323,0,3.95253e-323,2.10715e-317,89.9999
324,0,3.95253e-323,2.10715e-317,89.9999
325,0,3.95253e-323,2.10715e-317,89.9999
326,0,3.95253e-323,2.10715e-317,89.9999
327,0,3.95253e-323,2.10715e-317,89.9999
328,0,3.95253e-323,2.10715e-317,89.9999
329,0,3.95253e-323,2.10715e-317,89.9999
330,0,3.95253e-323,2.10715e-317,89.9999
331,0,3.95253e-323,2.10715e-317,89.9999
332,0,3.95253e-323,2.10715e-317,89.9999
333,0,3.95253e-323,2.10715e-317,89.9999
334,0,3.95253e-323,2.10715e-317,89.9999
335,0,3.95253e-323,2.10715e-317,89.9999
336,0,3.95253e-323,2.10715e-317,89.9999
337,0,3.95253e-323,2.10715e-317,89.9999
338,0,3.95253e-323,2.10715e-317,89.9999
339,0,3.95253e-323,2.10715e-317,89.9999
340,0,3.95253e-323,2.10715e-317,89.9999
341,0,3.95253e-323,2.10715e-317,89.9999
342,0,3.95253e-323,2.10715e-317,89.9999
343,0,3.95253e-323,2.10715e-317,89.9999
344,0,3.95253e-323,2.10715e-317,89.9999
345,0,3.95253e-323,2.10715e-317,89.9999
346,0,3.95253e-323,2.10715e-317,89.9999
347,0,3.95253e-323,2.10715e-317,89.9999
348,0,3.95253e-323,2.10715e-317,89.9999
349,0,3.95253e-323,2.10715e-317,89.9999
350,0,3.95253e-323,2.10715e-317,89.9999
351,0,3.95253e-323,2.10715e-317,89.9999
352,0,3.95253e-323,2.10715e-317,89.9999
353,0,3.95253e-323,2.10715e-317,89.9999
354,0,3.95253e-323,2.10715e-317,89.9999
355,0,3.95253e-323,2.10715e-317,89.9999
356,0,3.95253e-323,2.10715e-317,89.9999
357,0,3.95253e-323,2.10715e-317,89.9999
358,0,3.95253e-323,2.10715e-317,89.9999
359,0,3.95253e-323,2.10715e-317,89.9999
360,0,3.95253e-323,2.10715e-317,89.9999
361,0,3.95253e-323,2.10715e-317,89.9999
362,0,3.95253e-323,2.10715e-317,89.9999
363,0,3.95253e-323,2.10715e-317,89.9999
364,0,3.95253e-323,2.10715e-317,89.9999
365,0,3.95253e-323,2.10715e-317,89.9999
366,0,3.95253e-323,2.10715e-317,89.9999
367,0,3.95253e-323,2.10715e-317,89.9999
368,0,3.95253e-323,2.10715e-317,89.9999
369,0,3.95253e-323,2.10715e-317,89.9999
370,0,3.95253e-323,2.10715e-317,89.9999
371,0,3.95253e-323,2.10715e-317,89.9999
372,0,3.95253e-323,2.10715e-317,89.9999
373,0,3.95253e-323,2.10715e-317,89.9999
374,0,3.95253e-323,2.10715e-317,89.9999
375,0,3.95253e-323,2.10715e-317,89.9999
376,0,3.95253e-323,2.10715e-317,89.9999
377,0,3.95253e-323,2.10715e-317,89.9999
378,0,3.95253e-323,2.10715e-317,89.9999
379,0,3.95253e-323,2.10715e-317,89.9999
380,0,3.95253e-323,2.10715e-317,89.9999
381,0,3.95253e-323,2.10715e-317,89.9999
382,0,3.95253e-323,2.10715e-317,89.9999
383,0,3.95253e-323,2.10715e-317,89.9999
384,0,3.95253e-323,2.10715e-317,89.9999
385,0,3.95253e-323,2.10715e-317,89.9999
386,0,3.95253e-323,2.10715e-317,89.9999
387,0,3.95253e-323,2.10715e-317,89.9999
388,0,3.95253e-323,2.10715e-317,89.9999
389,0,3.95253e-323,2.10715e-317,89.9999
390,0,3.95253e-323,2.10715e-317,89.9999
391,0,3.95253e-323,2.10715e-317,89.9999
392,0,3.95253e-323,2.10715e-317,89.9999
393,0,3.95253e-323,2.10715e-317,89.9999
394,0,3.95253e-323,2.10715e-317,89.9999
395,0,3.95253e-323,2.10715e-317,89.9999
396,0,3.95253e-323,2.10715e-317,89.9999
397,0,3.95253e-323,2.10715e-317,89.9999
398,0,3.95253e-323,2.10715e-317,89.9999
399,0,3.95253e-323,2.10715e-317,89.9999
400,0,3.95253e-323,2.10715e-317,89.9999
401,0,3.95253e-323,2.10715e-317,89.9999
402,0,3.95253e-323,2.10715e-317,89.9999
403,0,3.95253e-323,2.10715e-317,89.9999
404,0,3.95253e-323,2.10715e-317,89.9999
405,0,3.95253e-323,2.10715e-317,89.9999
406,0,3.95253e-323,2.10715e-317,89.9999
407,0,3.95253e-323,2.10715e-317,89.9999
408,0,3.95253e-323,2.10715e-317,89.9999
409,0,3.95253e-323,2.10715e-317,89.9999
410,0,3.95253e-323,2.10715e-317,89.9999
411,0,3.95253e-323,2.10715e-317,89.9999
412,0,3.95253e-323,2.10715e-317,89.9999
413,0,3.95253e-323,2.10715e-317,89.9999
414,0,3.95253e-323,2.10715e-317,89.9999
415,0,3.95253e-323,2.10715e-317,89.9999
416,0,3.95253e-323,2.10715e-317,89.9999
417,0,3.95253e-323,2.10715e-317,89.9999
418,0,3.95253e-323,2.10715e-317,89.9999
419,0,3.95253e-323,2.10715e-317,89.9999
420,0,3.95253e-323,2.10715e-317,89.9999
421,0,3.95253e-323,2.10715e-317,89.9999
422,0,3.95253e-323,2.10715e-317,89.9999
423,0,3.95253e-323,2.10715e-317,89.9999
424,0,3.95253e-323,2.10715e-317,89.9999
425,0,3.95253e-323,2.10715e-317,89.9999
426,0,3.95253e-323,2.10715e-317,89.9999
427,0,3.95253e-323,2.10715e-317,89.9999
428,0,3.95253e-323,2.10715e-317,89.9999
429,0,3.95253e-323,2.10715e-317,89.9999
430,0,3.95253e-323,2.10715e-317,89.9999
431,0,3.95253e-323,2.10715e-317,89.9999
432,0,3.95253e-323,2.10715e-317,89.9999
433,0,3.95253e-323,2.10715e-317,89.9999
434,0,3.95253e-323,2.10715e-317,89.9999
435,0,3.95253e-323,2.10715e-317,89.9999
436,0,3.95253e-323,2.10715e-317,89.9999
437,0,3.95253e-323,2.10715e-317,89.9999
438,0,3.95253e-323,2.10715e-317,89.9999
439,0,3.95253e-323,2.10715e-317,89.9999
440,0,3.95253e-323,2.10715e-317,89.9999
441,0,3.95253e-323,2.10715e-317,89.9999
442,0,3.95253e-323,2.10715e-317,89.9999
443,0,3.95253e-323,2.10715e-317,89.9999
444,0,3.95253e-323,2.10715e-317,89.9999
445,0,3.95253e-323,2.10715e-317,89.9999
446,0,3.95253e-323,2.10715e-317,89.9999
447,0,3.95253e-323,2.10715e-317,89.9999
448,0,3.95253e-323,2.10715e-317,89.9999
449,0,3.95253e-323,2.10715e-317,89.9999
450,0,3.95253e-323,2.10715e-317,89.9999
451,0,3.95253e-323,2.10715e-317,89.9999
452,0,3.95253e-323,2.10715e-317,89.9999
453,0,3.95253e-323,2.10715e-317,89.9999
454,0,3.95253e-323,2.10715e-317,89.9999
455,0,3.95253e-323,2.10715e-317,89.9999
456,0,3.95253e-323,2.10715e-317,89.9999
457,0,3.95253e-323,2.10715e-317,89.9999
458,0,3.95253e-323,2.10715e-317,89.9999
459,0,3.95253e-323,2.10715e-317,89.9999
460,0,3.95253e-323,2.10715e-317,89.9999
461,0,3.95253e-323,2.10715e-317,89.9999
462,0,3.95253e-323,2.10715e-317,89.9999
463,0,3.95253e-323,2.10715e-317,89.9999
464,0,3.95253e-323,2.10715e-317,89.9999
465,0,3.95253e-323,2.10715e-317,89.9999
466,0,3.95253e-323,2.10715e-317,89.9999
467,0,3.95253e-323,2.10715e-317,89.9999
468,0,3.95253e-323,2.10715e-317,89.9999
469,0,3.95253e-323,2.10715e-317,89.9999
470,0,3.95253e-323,2.10715e-317,89.9999
471,0,3.95253e-323,2.10715e-317,89.9999
472,0,3.95253e-323,2.10715e-317,89.9999
473,0,3.95253e-323,2.10715e-317,89.9999
474,0,3.95253e-323,2.10715e-317,89.9999
475,0,3.95253e-323,2.10715e-317,89.9999
476,0,3.95253e-323,2.10715e-317,89.9999
477,0,3.95253e-323,2.10715e-317,89.9999
478,0,3.95253e-323,2.10715e-317,89.9999
479,0,3.95253e-323,2.10715e-317,89.9999
480,0,3.95253e-323,2.10715e-317,89.9999
481,0,3.95253e-323,2.10715e-317,89.9999
482,0,3.95253e-323,2.10715e-317,89.9999
483,0,3.95253e-323,2.10715e-317,89.9999
484,0,3.95253e-323,2.10715e-317,89.9999
485,0,3.95253e-323,2.10715e-317,89.9999
486,0,3.95253e-323,2.10715e-317,89.9999
487,0,3.95253e-323,2.10715e-317,89.9999
488,0,3.95253e-323,2.10715e-317,89.9999
489,0,3.95253e-323,2.10715e-317,89.9999
490,0,3.95253e-323,2.10715e-317,89.9999
491,0,3.95253e-323,2.10715e-317,89.9999
492,0,3.95253e-323,2.10715e-317,89.9999
493,0,3.95253e-323,2.10715e-317,89.9999
494,0,3.95253e-323,2.10715e-317,89.9999
495,0,3.95253e-323,2.10715e-317,89.9999
496,0,3.95253e-323,2.10715e-317,89.9999
497,0,3.95253e-323,2.10715e-317,89.9999
498,0,3.95253e-323,2.10715e-317,89.9999
499,0,3.95253e-323,2.10715e-317,89.9999
500,0,3.95253e-323,2.10715e-317,89.9999
501,0,3.95253e-323,2.10715e-317,89.9999
502,0,3.95253e-323,2.10715e-317,89.9999
503,0,3.95253e-323,2.10715e-317,89.9999
504,0,3.95253e-323,2.10715e-317,89.9999
505,0,3.95253e-323,2.10715e-317,89.9999
506,0,3.95253e-323,2.10715e-317,89.9999
507,0,3.95253e-323,2.10715e-317,89.9999
508,0,3.95253e-323,2.10715e-317,89.9999
509,0,3.95253e-323,2.10715e-317,89.9999
510,0,3.95253e-323,2.10715e-317,89.9999
511,0,3.95253e-323,2.10715e-317,89.9999
512,0,3.95253e-323,2.10715e-317,89.9999
513,0,3.95253e-323,2.10715e-317,89.9999
514,0,3.95253e-323,2.10715e-317,89.9999
515,0,3.95253e-323,2.10715e-317,89.9999
516,0,3.95253e-323,2.10715e-317,89.9999
517,0,3.95253e-323,2.10715e-317,89.9999
518,0,3.95253e-323,2.10715e-317,89.9999
519,0,3.95253e-323,2.10715e-317,89.9999
520,0,3.95253e-323,2.10715e-317,89.9999
521,0,3.95253e-323,2.10715e-317,89.9999
522,0,3.95253e-323,2.10715e-317,89.9999
523,0,3.95253e-323,2.10715e-317,89.9999
524,0,3.95253e-323,2.10715e-317,89.9999
525,0,3.95253e-323,2.10715e-317,89.9999
526,0,3.95253e-323,2.10715e-317,89.9999
527,0,3.95253e-323,2.10715e-317,89.9999
528,0,3.95253e-323,2.10715e-317,89.9999
529,0,3.95253e-323,2.10715e-317,89.9999
530,0,3.95253e-323,2.10715e-317,89.9999
531,0,3.95253e-323,2.10715e-317,89.9999
532,0,3.95253e-323,2.10715e-317,89.9999
533,0,3.95253e-323,2.10715e-317,89.9999
534,0,3.95253e-323,2.10715e-317,89.9999
535,0,3.95253e-323,2.10715e-317,89.9999
536,0,3.95253e-323,2.10715e-317,89.9999
537,0,3.95253e-323,2.10715e-317,89.9999
538,0,3.95253e-323,2.10715e-317,89.9999
539,0,3.95253e-323,2.10715e-317,89.9999
540,0,3.95253e-323,2.10715e-317,89.9999
541,0,3.95253e-323,2.10715e-317,89.9999
542,0,3.95253e-323,2.10715e-317,89.9999
543,0,3.95253e-323,2.10715e-317,89.9999
544,0,3.95253e-323,2.10715e-317,89.9999
545,0,3.95253e-323,2.10715e-317,89.9999
546,0,3.95253e-323,2.10715e-317,89.9999
547,0,3.95253e-323,2.10715e-317,89.9999
548,0,3.95253e-323,2.10715e-317,89.9999
549,0,3.95253e-323,2.10715e-317,89.9999
550,0,3.95253e-323,2.10715e-317,89.9999
551,0,3.95253e-323,2.10715e-317,89.9999
552,0,3.95253e-323,2.10715e-317,89.9999
553,0,3.95253e-323,2.10715e-317,89.9999
554,0,3.95253e-323,2.10715e-317,89.9999
555,0,3.95253e-323,2.10715e-317,89.9999
556,0,3.95253e-323,2.10715e-317,89.9999
557,0,3.95253e-323,2.10715e-317,89.9999
558,0,3.95253e-323,2.10715e-317,89.9999
559,0,3.95253e-323,2.10715e-317,89.9999
560,0,3.95253e-323,2.10715e-317,89.9999
561,0,3.95253e-323,2.10715e-317,89.9999
562,0,3.95253e-323,2.10715e-317,89.9999
563,0,3.95253e-323,2.10715e-317,89.9999
564,0,3.95253e-323,2.10715e-317,89.9999
565,0,3.95253e-323,2.10715e-317,89.9999
566,0,3.95253e-323,2.10715e-317,89.9999
567,0,3.95253e-323,2.10715e-317,89.9999
568,0,3.95253e-323,2.10715e-317,89.9999
569,0,3.95253e-323,2.10715e-317,89.9999
570,0,3.95253e-323,2.10715e-317,89.9999
571,0,3.95253e-323,2.10715e-317,89.9999
572,0,3.95253e-323,2.10715e-317,89.9999
573,0,3.95253e-323,2.10715e-317,89.9999
574,0,3.95253e-323,2.10715e-317,89.9999
575,0,3.95253e-323,2.10715e-317,89.9999
576,0,3.95253e-323,2.10715e-317,89.9999
577,0,3.95253e-323,2.10715e-317,89.9999
578,0,3.95253e-323,2.10715e-317,89.9999
579,0,3.95253e-323,2.10715e-317,89.9999
580,0,3.95253e-323,2.10715e-317,89.9999
581,0,3.95253e-323,2.10715e-317,89.9999
582,0,3.95253e-323,2.10715e-317,89.9999
583,0,3.95253e-323,2.10715e-317,89.9999
584,0,3.95253e-323,2.10715e-317,89.9999
585,0,3.95253e-323,2.10715e-317,89.9999
586,0,3.95253e-323,2.10715e-317,89.9999
587,0,3.95253e-323,2.10715e-317